ÈÕÆÚ,¹ÉÆ±´úÂë,Ãû³Æ,ÊÕÅÌ¼Û,×î¸ß¼Û,×îµÍ¼Û,¿ªÅÌ¼Û,Ç°ÊÕÅÌ,ÕÇµø¶î,ÕÇµø·ù,»»ÊÖÂÊ,³É½»Á¿,³É½»½ð¶î,×ÜÊÐÖµ,Á÷Í¨ÊÐÖµ
2020-01-02,'000799,¾Æ¹í¾Æ,36.13,36.47,35.85,36.0,35.85,0.28,0.781,3.9372,12793113,462007331.16,11739684047.4,11739684047.4
2020-01-03,'000799,¾Æ¹í¾Æ,36.01,36.2,35.64,36.2,36.13,-0.12,-0.3321,3.0787,10003630,358842675.53,11700692569.8,11700692569.8
2020-01-06,'000799,¾Æ¹í¾Æ,35.81,36.25,35.52,35.6,36.01,-0.2,-0.5554,2.8579,9286233,333053072.02,11635706773.8,11635706773.8
2020-01-07,'000799,¾Æ¹í¾Æ,36.09,36.2,35.72,35.87,35.81,0.28,0.7819,2.4469,7950538,286380330.74,11726686888.2,11726686888.2
2020-01-08,'000799,¾Æ¹í¾Æ,35.62,36.17,35.54,35.95,36.09,-0.47,-1.3023,2.1025,6831575,244566226.23,11573970267.6,11573970267.6
2020-01-09,'000799,¾Æ¹í¾Æ,36.15,36.39,35.55,35.75,35.62,0.53,1.4879,3.9443,12816073,461456275.84,11746182627.0,11746182627.0
2020-01-10,'000799,¾Æ¹í¾Æ,37.87,38.18,36.16,36.2,36.15,1.72,4.758,6.8329,22202089,827794992.28,12305060472.6,12305060472.6
2020-01-13,'000799,¾Æ¹í¾Æ,38.08,38.88,37.89,37.89,37.87,0.21,0.5545,4.931,16022348,613347414.85,12373295558.4,12373295558.4
2020-01-14,'000799,¾Æ¹í¾Æ,39.18,39.5,38.01,38.24,38.08,1.1,2.8887,5.3515,17388461,676151079.3,12730717436.4,12730717436.4
2020-01-15,'000799,¾Æ¹í¾Æ,39.2,40.28,38.8,39.18,39.18,0.02,0.051,3.5611,11571059,456503717.05,12737216016.0,12737216016.0
2020-01-16,'000799,¾Æ¹í¾Æ,40.04,40.5,38.96,39.35,39.2,0.84,2.1429,4.2929,13948926,557772084.63,13010156359.2,13010156359.2
2020-01-17,'000799,¾Æ¹í¾Æ,40.23,41.11,39.94,39.94,40.04,0.19,0.4745,3.0206,9814761,396912161.03,13071892865.4,13071892865.4
2020-01-20,'000799,¾Æ¹í¾Æ,39.62,40.7,38.73,40.23,40.23,-0.61,-1.5163,4.2717,13880102,549349101.13,12873686187.6,12873686187.6
2020-01-21,'000799,¾Æ¹í¾Æ,38.96,39.97,38.75,39.5,39.62,-0.66,-1.6658,2.9414,9557496,375229084.61,12659233060.8,12659233060.8
2020-01-22,'000799,¾Æ¹í¾Æ,38.96,39.48,37.96,38.7,38.96,0.0,0.0,2.5735,8362112,324966740.84,12659233060.8,12659233060.8
2020-01-23,'000799,¾Æ¹í¾Æ,37.02,39.19,36.33,38.79,38.96,-1.94,-4.9795,3.8054,12364793,465209387.65,12028870839.6,12028870839.6
2020-02-03,'000799,¾Æ¹í¾Æ,33.32,33.32,33.32,33.32,37.02,-3.7,-9.9946,0.5435,1765900,58839788.0,10826633613.6,10826633613.6
2020-02-04,'000799,¾Æ¹í¾Æ,31.63,32.3,30.26,31.99,33.32,-1.69,-5.072,7.4969,24359532,762958223.08,10277503637.4,10277503637.4
2020-02-05,'000799,¾Æ¹í¾Æ,32.15,32.87,31.1,31.8,31.63,0.52,1.644,4.2033,13657675,438186367.08,10446466707.0,10446466707.0
2020-02-06,'000799,¾Æ¹í¾Æ,32.55,32.74,31.84,32.04,32.15,0.4,1.2442,3.2197,10461671,337496409.48,10576438299.0,10576438299.0
2020-02-07,'000799,¾Æ¹í¾Æ,32.45,32.82,31.9,32.78,32.55,-0.1,-0.3072,2.5203,8189263,264712637.35,10543945401.0,10543945401.0
2020-02-10,'000799,¾Æ¹í¾Æ,32.81,33.05,31.5,32.45,32.45,0.36,1.1094,3.9803,12933309,417991159.5,10660919833.8,10660919833.8
2020-02-11,'000799,¾Æ¹í¾Æ,33.45,34.16,32.61,32.81,32.81,0.64,1.9506,4.582,14888130,498998256.45,10868874381.0,10868874381.0
2020-02-12,'000799,¾Æ¹í¾Æ,33.32,33.48,32.8,33.17,33.45,-0.13,-0.3886,2.989,9712261,321450698.62,10826633613.6,10826633613.6
2020-02-13,'000799,¾Æ¹í¾Æ,32.71,33.79,32.71,33.25,33.32,-0.61,-1.8307,2.8536,9272250,307442442.75,10628426935.8,10628426935.8
2020-02-14,'000799,¾Æ¹í¾Æ,32.58,32.8,32.21,32.55,32.71,-0.13,-0.3974,1.9657,6386981,207461247.32,10586186168.4,10586186168.4
2020-02-17,'000799,¾Æ¹í¾Æ,33.24,33.33,32.34,32.47,32.58,0.66,2.0258,2.677,8698297,285385422.74,10800639295.2,10800639295.2
2020-02-18,'000799,¾Æ¹í¾Æ,33.46,33.48,33.03,33.2,33.24,0.22,0.6619,2.6608,8645747,287840384.44,10872123670.8,10872123670.8
2020-02-19,'000799,¾Æ¹í¾Æ,34.29,34.58,33.12,33.58,33.46,0.83,2.4806,4.1919,13620850,463674950.02,11141814724.2,11141814724.2
2020-02-20,'000799,¾Æ¹í¾Æ,35.7,36.36,34.29,34.3,34.29,1.41,4.112,4.563,14826643,527527859.17,11599964586.0,11599964586.0
2020-02-21,'000799,¾Æ¹í¾Æ,35.38,35.8,35.09,35.21,35.7,-0.32,-0.8964,3.6321,11801800,416575826.97,11495987312.4,11495987312.4
2020-02-24,'000799,¾Æ¹í¾Æ,34.74,35.15,34.45,35.13,35.38,-0.64,-1.8089,2.9421,9559730,331422602.47,11288032765.2,11288032765.2
2020-02-25,'000799,¾Æ¹í¾Æ,34.17,34.67,33.35,33.92,34.74,-0.57,-1.6408,3.01,9780289,332813643.18,11102823246.6,11102823246.6
2020-02-26,'000799,¾Æ¹í¾Æ,33.8,34.69,33.41,33.66,34.17,-0.37,-1.0828,2.6707,8678004,294967167.71,10982599524.0,10982599524.0
2020-02-27,'000799,¾Æ¹í¾Æ,34.01,34.42,33.83,33.83,33.8,0.21,0.6213,2.0303,6596996,225181822.34,11050834609.8,11050834609.8
2020-02-28,'000799,¾Æ¹í¾Æ,32.04,33.35,31.7,32.78,34.01,-1.97,-5.7924,2.8926,9398881,306068466.92,10410724519.2,10410724519.2
2020-03-02,'000799,¾Æ¹í¾Æ,32.82,33.09,32.0,32.04,32.04,0.78,2.4345,2.0909,6793903,221630938.4,10664169123.6,10664169123.6
2020-03-03,'000799,¾Æ¹í¾Æ,33.21,33.66,32.91,33.1,32.82,0.39,1.1883,1.9565,6357341,211872630.78,10790891425.8,10790891425.8
2020-03-04,'000799,¾Æ¹í¾Æ,33.72,33.85,32.98,33.05,33.21,0.51,1.5357,2.0393,6626261,221498632.49,10956605205.6,10956605205.6
2020-03-05,'000799,¾Æ¹í¾Æ,35.04,35.55,33.81,33.9,33.72,1.32,3.9146,4.6231,15021648,523809146.6,11385511459.2,11385511459.2
2020-03-06,'000799,¾Æ¹í¾Æ,34.54,35.58,34.46,34.63,35.04,-0.5,-1.4269,3.2509,10562962,368464709.33,11223046969.2,11223046969.2
2020-03-09,'000799,¾Æ¹í¾Æ,32.8,33.96,32.7,33.95,34.54,-1.74,-5.0376,2.7457,8921694,296461097.47,10657670544.0,10657670544.0
2020-03-10,'000799,¾Æ¹í¾Æ,33.51,33.83,32.15,32.8,32.8,0.71,2.1646,2.3445,7617859,251858845.53,10888370119.8,10888370119.8
2020-03-11,'000799,¾Æ¹í¾Æ,33.37,34.1,33.3,33.68,33.51,-0.14,-0.4178,2.1785,7078695,237985060.08,10842880062.6,10842880062.6
2020-03-12,'000799,¾Æ¹í¾Æ,32.52,32.98,32.35,32.88,33.37,-0.85,-2.5472,1.6124,5239292,170928527.68,10566690429.6,10566690429.6
2020-03-13,'000799,¾Æ¹í¾Æ,31.58,31.97,30.5,30.8,32.52,-0.94,-2.8905,2.5385,8248416,257824708.85,10261257188.4,10261257188.4
2020-03-16,'000799,¾Æ¹í¾Æ,30.13,32.0,29.9,31.6,31.58,-1.45,-4.5915,2.3897,7764758,240486672.16,9790110167.4,9790110167.4
2020-03-17,'000799,¾Æ¹í¾Æ,28.75,30.68,27.53,30.3,30.13,-1.38,-4.5802,3.4442,11191157,322895552.23,9341708175.0,9341708175.0
2020-03-18,'000799,¾Æ¹í¾Æ,27.66,29.38,27.5,29.0,28.75,-1.09,-3.7913,2.6267,8535018,243721568.93,8987535586.8,8987535586.8
2020-03-19,'000799,¾Æ¹í¾Æ,26.26,27.55,25.8,27.15,27.66,-1.4,-5.0615,5.6757,18441932,486200817.88,8532635014.8,8532635014.8
2020-03-20,'000799,¾Æ¹í¾Æ,27.32,27.56,26.65,26.69,26.26,1.06,4.0366,3.4829,11316816,306873699.48,8877059733.6,8877059733.6
2020-03-23,'000799,¾Æ¹í¾Æ,26.11,27.05,25.97,26.51,27.32,-1.21,-4.429,2.4835,8069700,214324020.0,8483895667.8,8483895667.8
2020-03-24,'000799,¾Æ¹í¾Æ,26.58,27.0,25.53,26.72,26.11,0.47,1.8001,3.1988,10393877,273922973.58,8636612288.4,8636612288.4
2020-03-25,'000799,¾Æ¹í¾Æ,27.69,27.69,27.03,27.53,26.58,1.11,4.1761,3.2242,10476522,286794961.06,8997283456.2,8997283456.2
2020-03-26,'000799,¾Æ¹í¾Æ,27.84,28.67,27.36,27.48,27.69,0.15,0.5417,3.0361,9865303,277336062.87,9046022803.2,9046022803.2
2020-03-27,'000799,¾Æ¹í¾Æ,28.69,29.05,28.07,28.28,27.84,0.85,3.0532,3.6042,11711060,336100964.77,9322212436.2,9322212436.2
2020-03-30,'000799,¾Æ¹í¾Æ,27.98,28.77,27.8,28.29,28.69,-0.71,-2.4747,2.4813,8062584,226833416.12,9091512860.4,9091512860.4
2020-03-31,'000799,¾Æ¹í¾Æ,28.45,28.77,28.1,28.46,27.98,0.47,1.6798,1.9492,6333640,179928226.92,9244229481.0,9244229481.0
2020-04-01,'000799,¾Æ¹í¾Æ,28.0,28.6,27.61,28.39,28.45,-0.45,-1.5817,2.2084,7175821,201813073.95,9098011440.0,9098011440.0
2020-04-02,'000799,¾Æ¹í¾Æ,28.44,28.44,27.77,27.97,28.0,0.44,1.5714,1.653,5371096,151111159.79,9240980191.2,9240980191.2
2020-04-03,'000799,¾Æ¹í¾Æ,28.16,28.8,28.0,28.41,28.44,-0.28,-0.9845,1.7511,5689674,161562722.8,9150000076.8,9150000076.8
2020-04-07,'000799,¾Æ¹í¾Æ,28.99,29.35,28.67,28.7,28.16,0.83,2.9474,2.5617,8323616,241520752.46,9419691130.2,9419691130.2
2020-04-08,'000799,¾Æ¹í¾Æ,29.16,29.3,28.74,28.97,28.99,0.17,0.5864,1.5111,4910101,142751071.9,9474929056.8,9474929056.8
2020-04-09,'000799,¾Æ¹í¾Æ,29.08,29.52,28.94,29.49,29.16,-0.08,-0.2743,1.5534,5047330,147100470.16,9448934738.4,9448934738.4
2020-04-10,'000799,¾Æ¹í¾Æ,28.86,29.54,28.85,29.07,29.08,-0.22,-0.7565,2.1988,7144515,208457386.94,9377450362.8,9377450362.8
2020-04-13,'000799,¾Æ¹í¾Æ,29.0,29.32,28.08,28.53,28.86,0.14,0.4851,2.0232,6573977,189453130.69,9422940420.0,9422940420.0
2020-04-14,'000799,¾Æ¹í¾Æ,29.18,29.28,28.84,29.21,29.0,0.18,0.6207,1.3194,4287051,124625959.07,9481427636.4,9481427636.4
2020-04-15,'000799,¾Æ¹í¾Æ,29.5,29.85,29.0,29.2,29.18,0.32,1.0966,2.4747,8040862,236782972.61,9585404910.0,9585404910.0
2020-04-16,'000799,¾Æ¹í¾Æ,29.3,29.63,29.1,29.26,29.5,-0.2,-0.678,1.4756,4794601,140464566.31,9520419114.0,9520419114.0
2020-04-17,'000799,¾Æ¹í¾Æ,32.23,32.23,30.92,31.2,29.3,2.93,10.0,7.0628,22949191,731218194.57,10472461025.4,10472461025.4
2020-04-20,'000799,¾Æ¹í¾Æ,32.37,32.57,31.99,32.26,32.23,0.14,0.4344,5.135,16685201,538455229.95,10517951082.6,10517951082.6
2020-04-21,'000799,¾Æ¹í¾Æ,31.5,32.68,31.25,32.08,32.37,-0.87,-2.6877,3.8985,12667287,403833268.17,10235262870.0,10235262870.0
2020-04-22,'000799,¾Æ¹í¾Æ,33.1,33.48,31.39,31.53,31.5,1.6,5.0794,4.5278,14712078,479216544.09,10755149238.0,10755149238.0
2020-04-23,'000799,¾Æ¹í¾Æ,32.68,33.87,32.62,33.09,33.1,-0.42,-1.2689,3.5551,11551546,382227041.9,10618679066.4,10618679066.4
2020-04-24,'000799,¾Æ¹í¾Æ,32.36,33.37,32.13,32.91,32.68,-0.32,-0.9792,2.8552,9277305,303661650.79,10514701792.8,10514701792.8
2020-04-27,'000799,¾Æ¹í¾Æ,31.98,32.46,31.51,32.33,32.36,-0.38,-1.1743,2.2762,7395887,237326677.48,10391228780.4,10391228780.4
2020-04-28,'000799,¾Æ¹í¾Æ,32.76,33.43,31.72,32.19,31.98,0.78,2.439,4.4304,14395598,471281854.27,10644673384.8,10644673384.8
2020-04-29,'000799,¾Æ¹í¾Æ,31.79,32.95,31.6,32.55,32.76,-0.97,-2.9609,2.8123,9138059,294295024.08,10329492274.2,10329492274.2
2020-04-30,'000799,¾Æ¹í¾Æ,32.05,32.13,31.56,31.82,31.79,0.26,0.8179,2.0565,6682200,213081790.43,10413973809.0,10413973809.0
2020-05-06,'000799,¾Æ¹í¾Æ,33.33,33.41,31.8,32.0,32.05,1.28,3.9938,3.8697,12573721,414883275.71,10829882903.4,10829882903.4
2020-05-07,'000799,¾Æ¹í¾Æ,34.8,35.16,33.0,33.11,33.33,1.47,4.4104,5.1382,16695536,574684081.71,11307528504.0,11307528504.0
2020-05-08,'000799,¾Æ¹í¾Æ,34.76,35.5,34.56,34.79,34.8,-0.04,-0.1149,3.8211,12415862,433632824.52,11294531344.8,11294531344.8
2020-05-11,'000799,¾Æ¹í¾Æ,34.93,35.76,34.73,34.78,34.76,0.17,0.4891,3.4843,11321353,397717059.88,11349769271.4,11349769271.4
2020-05-12,'000799,¾Æ¹í¾Æ,35.1,35.38,34.64,35.0,34.93,0.17,0.4867,2.3418,7609211,266521685.79,11405007198.0,11405007198.0
2020-05-13,'000799,¾Æ¹í¾Æ,36.51,36.63,34.93,35.1,35.1,1.41,4.0171,4.2975,13963921,502978058.47,11863157059.8,11863157059.8
2020-05-14,'000799,¾Æ¹í¾Æ,36.9,38.2,36.25,36.25,36.51,0.39,1.0682,4.6108,14981767,555900769.28,11989879362.0,11989879362.0
2020-05-15,'000799,¾Æ¹í¾Æ,36.56,37.28,35.88,37.17,36.9,-0.34,-0.9214,3.7155,12072619,439544161.23,11879403508.8,11879403508.8
2020-05-18,'000799,¾Æ¹í¾Æ,37.4,37.97,36.43,36.53,36.56,0.84,2.2976,3.8043,12361263,460627249.72,12152343852.0,12152343852.0
2020-05-19,'000799,¾Æ¹í¾Æ,38.48,38.57,37.3,37.68,37.4,1.08,2.8877,3.248,10553662,402371037.39,12503267150.4,12503267150.4
2020-05-20,'000799,¾Æ¹í¾Æ,39.6,40.64,38.21,38.6,38.48,1.12,2.9106,5.3638,17428381,690472610.79,12867187608.0,12867187608.0
2020-05-21,'000799,¾Æ¹í¾Æ,42.4,42.85,39.72,39.72,39.6,2.8,7.0707,6.3765,20718974,862070653.76,13776988752.0,13776988752.0
2020-05-22,'000799,¾Æ¹í¾Æ,41.05,43.15,40.08,42.3,42.4,-1.35,-3.184,6.2276,20235134,841274099.04,13338334629.0,13338334629.0
2020-05-25,'000799,¾Æ¹í¾Æ,41.76,42.41,40.51,40.93,41.05,0.71,1.7296,3.8964,12660550,525901123.23,13569034204.8,13569034204.8
2020-05-26,'000799,¾Æ¹í¾Æ,41.92,42.14,40.92,41.65,41.76,0.16,0.3831,3.5274,11461585,476306707.75,13621022841.6,13621022841.6
2020-05-27,'000799,¾Æ¹í¾Æ,41.96,42.42,41.43,42.08,41.92,0.04,0.0954,2.7787,9028886,378496583.62,13634020000.8,13634020000.8
2020-05-28,'000799,¾Æ¹í¾Æ,44.09,45.2,42.0,42.3,41.96,2.13,5.0763,5.7489,18679812,825630933.1,14326118728.2,14326118728.2
2020-05-29,'000799,¾Æ¹í¾Æ,44.0,45.08,43.3,44.02,44.09,-0.09,-0.2041,4.3912,14268189,630544608.65,14296875120.0,14296875120.0
2020-06-01,'000799,¾Æ¹í¾Æ,45.56,46.12,44.24,44.7,44.0,1.56,3.5455,4.2337,13756485,622746592.74,14803764328.8,14803764328.8
2020-06-02,'000799,¾Æ¹í¾Æ,45.68,46.58,45.01,45.46,45.56,0.12,0.2634,3.4229,11121913,508150980.3,14842755806.4,14842755806.4
2020-06-03,'000799,¾Æ¹í¾Æ,45.68,45.97,45.02,45.74,45.68,0.0,0.0,2.6239,8525893,388130064.88,14842755806.4,14842755806.4
2020-06-04,'000799,¾Æ¹í¾Æ,49.44,50.0,45.69,45.69,45.68,3.76,8.2312,5.125,16652609,802590028.97,16064488771.2,16064488771.2
2020-06-05,'000799,¾Æ¹í¾Æ,50.68,52.5,49.31,49.81,49.44,1.24,2.5081,5.7835,18792150,952287784.7,16467400706.4,16467400706.4
2020-06-08,'000799,¾Æ¹í¾Æ,54.07,54.09,50.73,51.51,50.68,3.39,6.689,5.7199,18585530,979999795.85,17568909948.6,17568909948.6
2020-06-09,'000799,¾Æ¹í¾Æ,49.74,54.6,49.51,54.6,54.07,-4.33,-8.0081,11.132,36171204,1847123890.76,16161967465.2,16161967465.2
2020-06-10,'000799,¾Æ¹í¾Æ,52.0,52.67,48.13,48.76,49.74,2.26,4.5436,8.1592,26511475,1333636835.48,16896306960.0,16896306960.0
2020-06-11,'000799,¾Æ¹í¾Æ,50.73,52.63,50.45,51.21,52.0,-1.27,-2.4423,5.0687,16469632,848559082.4,16483647155.4,16483647155.4
2020-06-12,'000799,¾Æ¹í¾Æ,51.73,52.11,49.39,49.5,50.73,1.0,1.979,4.2242,13725620,702748517.67,16743590339.4,16743590339.4
2020-06-15,'000799,¾Æ¹í¾Æ,51.7,52.75,50.85,51.36,51.73,-0.03,-0.0582,4.2734,13885674,714892867.92,16733842470.0,16733842470.0
2020-06-16,'000799,¾Æ¹í¾Æ,56.87,56.87,51.9,51.9,51.7,5.17,10.0,7.093,23047089,1270415552.85,18407226717.0,18407226717.0
2020-06-17,'000799,¾Æ¹í¾Æ,57.75,58.49,55.88,56.83,56.87,0.88,1.5534,5.6682,18417633,1048316780.25,18693164219.4,18693164219.4
2020-06-18,'000799,¾Æ¹í¾Æ,57.61,58.22,55.81,57.72,57.75,-0.14,-0.2434,4.5031,14632023,830594400.21,18647674162.2,18647674162.2
2020-06-19,'000799,¾Æ¹í¾Æ,58.42,59.71,57.25,57.52,57.61,0.81,1.4114,4.7525,15442138,903672442.66,18910866636.0,18910866636.0
2020-06-22,'000799,¾Æ¹í¾Æ,60.23,60.9,57.72,58.52,58.42,1.81,3.0928,4.5332,14729624,873438442.94,19495738800.0,19495738800.0
2020-06-23,'000799,¾Æ¹í¾Æ,65.25,66.23,59.93,60.23,60.23,5.02,8.3333,6.5,21120303,1333855667.25,21120383700.0,21120383700.0
2020-06-24,'000799,¾Æ¹í¾Æ,64.6,71.27,62.73,65.26,65.25,-0.65,-1.0,11.7298,38113675,2532604119.27,20909179863.0,20909179863.0
2020-06-29,'000799,¾Æ¹í¾Æ,71.07,71.07,64.35,65.25,64.6,6.47,10.0078,8.5796,27877762,1880978038.47,23001722494.2,23001722494.2
2020-06-30,'000799,¾Æ¹í¾Æ,76.81,77.9,70.0,72.1,71.07,5.74,8.0802,9.4168,30597885,2255968372.32,24860316259.8,24860316259.8
2020-07-01,'000799,¾Æ¹í¾Æ,84.49,84.49,75.36,76.9,76.81,7.68,9.9987,8.9935,29222479,2356566407.38,27346022956.8,27346022956.8
2020-07-02,'000799,¾Æ¹í¾Æ,80.76,87.33,78.31,84.53,84.49,-3.73,-4.4202,14.7116,47802317,3948161254.84,26137287151.2,26137287151.2
2020-07-03,'000799,¾Æ¹í¾Æ,74.24,80.01,73.07,79.83,80.76,-6.52,-8.0681,13.907,45187808,3383622282.53,24028498071.0,24028498071.0
2020-07-06,'000799,¾Æ¹í¾Æ,76.16,77.92,72.27,74.26,74.24,1.92,2.5828,10.5974,34433911,2593159100.4,24649112422.8,24649112422.8
2020-07-07,'000799,¾Æ¹í¾Æ,78.3,81.32,74.7,74.7,76.16,2.14,2.8078,10.6563,34625514,2716222135.24,25341211150.2,25341211150.2
2020-07-08,'000799,¾Æ¹í¾Æ,77.31,79.41,75.53,78.31,78.3,-0.99,-1.2694,8.9986,29238968,2234046017.23,25019531460.0,25019531460.0
2020-07-09,'000799,¾Æ¹í¾Æ,78.35,78.82,75.98,77.21,77.31,1.04,1.3506,8.2122,26683816,2063129503.51,25357457599.2,25357457599.2
2020-07-10,'000799,¾Æ¹í¾Æ,76.85,80.86,76.63,78.35,78.35,-1.5,-1.9093,9.0242,29322124,2288681604.71,24873313419.0,24873313419.0
2020-07-13,'000799,¾Æ¹í¾Æ,77.73,78.8,70.44,76.05,76.85,0.88,1.1496,10.6279,34533117,2614408584.6,25159250921.4,25159250921.4
2020-07-14,'000799,¾Æ¹í¾Æ,79.52,81.82,77.74,77.74,77.73,1.79,2.2989,10.2816,33407979,2662259816.15,25737624505.8,25737624505.8
2020-07-15,'000799,¾Æ¹í¾Æ,79.9,82.39,76.3,78.43,79.52,0.38,0.4797,8.9908,29213580,2304102118.25,25861097518.2,25861097518.2
2020-07-16,'000799,¾Æ¹í¾Æ,71.91,78.71,71.91,78.63,79.9,-7.99,-10.0013,9.1584,29758244,2201235611.53,23274662837.4,23274662837.4
2020-07-17,'000799,¾Æ¹í¾Æ,68.14,72.28,66.28,68.1,71.91,-3.77,-5.2492,7.8845,25619141,1763213611.32,22052929872.6,22052929872.6
2020-07-20,'000799,¾Æ¹í¾Æ,68.3,69.14,65.36,68.87,68.14,0.16,0.2357,5.2368,17015849,1136648287.3,22104918509.4,22104918509.4
2020-07-21,'000799,¾Æ¹í¾Æ,70.79,71.47,67.87,68.57,68.3,2.49,3.6455,5.102,16577768,1163969346.2,22910742379.8,22910742379.8
2020-07-22,'000799,¾Æ¹í¾Æ,70.42,71.95,69.79,70.29,70.79,-0.37,-0.5247,4.5871,14904884,1053170464.27,22790518657.2,22790518657.2
2020-07-23,'000799,¾Æ¹í¾Æ,69.34,71.46,67.26,69.58,70.42,-1.08,-1.5398,5.1074,16595283,1142292918.09,22439595358.8,22439595358.8
2020-07-24,'000799,¾Æ¹í¾Æ,66.15,70.18,65.36,69.29,69.34,-3.19,-4.6047,4.6096,14977783,1003731976.98,21406321202.4,21406321202.4
2020-07-27,'000799,¾Æ¹í¾Æ,66.27,68.41,65.62,66.38,66.15,0.12,0.1821,3.9954,12982198,864470885.66,21445312680.0,21445312680.0
2020-07-28,'000799,¾Æ¹í¾Æ,68.27,68.78,65.87,66.17,66.27,2.0,3.0152,4.404,14309740,961818120.98,22091921350.2,22091921350.2
2020-07-29,'000799,¾Æ¹í¾Æ,68.58,68.94,66.77,68.44,68.27,0.31,0.4559,4.354,14147539,959153991.53,22192649334.0,22192649334.0
2020-07-30,'000799,¾Æ¹í¾Æ,69.48,72.06,69.08,69.28,68.58,0.9,1.3177,6.9811,22683630,1594012443.66,22485085416.0,22485085416.0
2020-07-31,'000799,¾Æ¹í¾Æ,68.97,69.26,66.5,68.68,69.48,-0.51,-0.737,4.7716,15504241,1051898679.61,22319371636.2,22319371636.2
2020-08-03,'000799,¾Æ¹í¾Æ,69.73,70.18,67.98,69.22,68.97,0.76,1.1064,4.5531,14794432,1020034217.98,22566317661.0,22566317661.0
2020-08-04,'000799,¾Æ¹í¾Æ,67.51,70.28,67.22,69.78,69.73,-2.22,-3.1821,5.1475,16725736,1137603253.87,21848224615.2,21848224615.2
2020-08-05,'000799,¾Æ¹í¾Æ,68.95,69.16,66.3,66.77,67.51,1.44,2.1267,3.9456,12820503,868983043.14,22312873056.6,22312873056.6
2020-08-06,'000799,¾Æ¹í¾Æ,66.71,69.41,66.42,69.18,68.95,-2.24,-3.2474,3.6758,11943712,801534679.43,21588281431.2,21588281431.2
2020-08-07,'000799,¾Æ¹í¾Æ,65.46,67.98,63.56,66.69,66.71,-1.25,-1.8663,4.3017,13977480,914055545.39,21185369496.0,21185369496.0
2020-08-10,'000799,¾Æ¹í¾Æ,66.44,66.87,64.86,65.26,65.46,0.98,1.5031,2.8098,9129995,600800311.03,21503799896.4,21503799896.4
2020-08-11,'000799,¾Æ¹í¾Æ,73.09,73.09,66.36,66.44,66.44,6.65,10.003,11.8939,38646744,2741652139.63,23654829744.0,23654829744.0
2020-08-12,'000799,¾Æ¹í¾Æ,66.92,74.07,66.06,72.99,73.09,-6.17,-8.4478,10.5365,34236005,2336313296.38,21656516517.0,21656516517.0
2020-08-13,'000799,¾Æ¹í¾Æ,65.7,67.08,64.06,66.17,66.92,-1.22,-1.8305,4.5653,14833842,967862726.26,21260103161.4,21260103161.4
2020-08-14,'000799,¾Æ¹í¾Æ,70.17,71.15,65.37,65.45,65.7,4.47,6.8012,7.1444,23214116,1599338123.55,22706037122.4,22706037122.4
2020-08-17,'000799,¾Æ¹í¾Æ,75.96,76.82,70.83,70.83,70.17,5.79,8.257,7.9256,25752463,1925487876.2,24580877337.0,24580877337.0
2020-08-18,'000799,¾Æ¹í¾Æ,75.87,78.82,75.19,76.33,75.96,-0.09,-0.119,7.1233,23145513,1772242369.03,24551633728.8,24551633728.8
2020-08-19,'000799,¾Æ¹í¾Æ,74.6,78.32,73.9,75.73,75.87,-1.27,-1.6675,6.6616,21645498,1639123083.05,24142223214.0,24142223214.0
2020-08-20,'000799,¾Æ¹í¾Æ,72.82,74.74,71.3,73.71,74.6,-1.78,-2.3822,3.8766,12596273,916002765.35,23567098919.4,23567098919.4
2020-08-21,'000799,¾Æ¹í¾Æ,73.24,75.8,72.79,73.3,72.82,0.42,0.5791,4.5895,14912604,1095894722.63,23703569091.0,23703569091.0
2020-08-24,'000799,¾Æ¹í¾Æ,73.79,74.85,72.28,73.19,73.24,0.55,0.7539,3.8504,12510956,920718728.26,23882280030.0,23882280030.0
2020-08-25,'000799,¾Æ¹í¾Æ,76.92,78.08,73.51,73.51,73.79,3.13,4.2449,6.2783,20399898,1559030128.66,24896058447.6,24896058447.6
2020-08-26,'000799,¾Æ¹í¾Æ,75.85,79.19,74.52,76.52,76.92,-1.07,-1.3965,5.6605,18392693,1405408954.63,24548384439.0,24548384439.0
2020-08-27,'000799,¾Æ¹í¾Æ,77.61,77.81,72.79,74.41,75.85,1.76,2.3163,7.624,24772583,1869466897.2,25117010154.0,25117010154.0
2020-08-28,'000799,¾Æ¹í¾Æ,85.37,85.37,77.41,77.41,77.61,7.76,10.0,9.8944,32149878,2668753994.84,27628711169.4,27628711169.4
2020-08-31,'000799,¾Æ¹í¾Æ,93.17,93.9,88.13,88.65,85.37,7.8,9.138,9.3691,30443036,2792726035.53,30153409344.0,30153409344.0
2020-09-01,'000799,¾Æ¹í¾Æ,93.37,93.85,88.86,92.16,93.17,0.2,0.2155,7.7105,25053759,2276919206.13,30218395140.0,30218395140.0
2020-09-02,'000799,¾Æ¹í¾Æ,88.35,97.69,88.14,94.68,93.37,-5.02,-5.3763,9.3863,30498835,2767025195.88,28593750240.0,28593750240.0
2020-09-03,'000799,¾Æ¹í¾Æ,90.25,91.86,87.23,88.62,88.35,1.9,2.1477,6.6451,21591855,1937114662.88,29207866012.2,29207866012.2
2020-09-04,'000799,¾Æ¹í¾Æ,86.85,87.85,84.13,87.75,90.25,-3.4,-3.7713,6.0312,19597046,1676425477.68,28106356770.0,28106356770.0
2020-09-07,'000799,¾Æ¹í¾Æ,88.01,90.87,86.45,86.8,86.85,1.16,1.341,5.5851,18147685,1593703417.11,28483274386.8,28483274386.8
2020-09-08,'000799,¾Æ¹í¾Æ,85.04,88.32,82.21,87.05,88.01,-2.97,-3.3767,4.8051,15613205,1315381153.58,27521484606.0,27521484606.0
2020-09-09,'000799,¾Æ¹í¾Æ,82.83,85.02,82.55,83.33,85.04,-2.21,-2.5974,3.5269,11459851,955750682.48,26806640850.0,26806640850.0
2020-09-10,'000799,¾Æ¹í¾Æ,83.82,86.67,83.33,84.15,82.83,0.99,1.2,4.0183,13056476,1104654051.37,27128320540.2,27128320540.2
2020-09-11,'000799,¾Æ¹í¾Æ,90.11,91.24,81.94,82.73,83.82,6.29,7.5099,5.5429,18010632,1554269670.36,29165625244.8,29165625244.8
2020-09-14,'000799,¾Æ¹í¾Æ,91.05,92.96,88.14,90.16,90.11,0.94,1.0472,4.9711,16152685,1459843212.77,29471058486.0,29471058486.0
2020-09-15,'000799,¾Æ¹í¾Æ,91.64,91.75,88.89,90.85,91.05,0.59,0.6505,3.2839,10670469,963800754.79,29662766584.2,29662766584.2
2020-09-16,'000799,¾Æ¹í¾Æ,88.49,92.85,86.84,91.64,91.64,-3.15,-3.4396,3.9398,12801538,1141472575.87,28642489587.0,28642489587.0
2020-09-17,'000799,¾Æ¹í¾Æ,84.91,87.44,82.58,86.43,88.49,-3.58,-4.0499,5.239,17022918,1435215317.91,27482493128.4,27482493128.4
2020-09-18,'000799,¾Æ¹í¾Æ,85.84,86.44,82.88,84.43,84.91,0.93,1.0996,3.306,10742012,908341050.69,27784677079.8,27784677079.8
2020-09-21,'000799,¾Æ¹í¾Æ,84.42,86.48,83.6,85.55,85.84,-1.42,-1.6489,2.9176,9480184,798930987.44,27326527218.0,27326527218.0
2020-09-22,'000799,¾Æ¹í¾Æ,84.31,85.67,83.3,83.32,84.42,-0.11,-0.1308,2.4293,7893371,664455587.15,27290785030.2,27290785030.2
2020-09-23,'000799,¾Æ¹í¾Æ,84.47,84.72,80.39,82.51,84.31,0.16,0.1905,3.0684,9970184,826056770.14,27342773667.0,27342773667.0
2020-09-24,'000799,¾Æ¹í¾Æ,82.84,85.62,82.41,84.04,84.47,-1.63,-1.9251,2.443,7938068,662165131.21,26816388719.4,26816388719.4
2020-09-25,'000799,¾Æ¹í¾Æ,81.3,83.8,81.1,82.98,82.84,-1.54,-1.8539,2.3098,7505103,614295831.15,26319247380.0,26319247380.0
2020-09-28,'000799,¾Æ¹í¾Æ,82.55,84.26,81.4,81.8,81.3,1.25,1.5432,2.3337,7582853,627551488.36,26725408605.0,26725408605.0
2020-09-29,'000799,¾Æ¹í¾Æ,81.96,83.58,81.62,83.35,82.55,-0.59,-0.7173,1.8881,6135002,503080515.5,26533700506.8,26533700506.8
2020-09-30,'000799,¾Æ¹í¾Æ,82.65,83.77,82.11,82.5,81.96,0.69,0.845,2.1821,7090430,585748195.04,26757901503.0,26757901503.0
2020-10-09,'000799,¾Æ¹í¾Æ,87.0,88.64,83.9,84.42,82.65,4.35,5.258,4.1327,13428314,1157123170.8,28164843986.4,28164843986.4
2020-10-12,'000799,¾Æ¹í¾Æ,95.7,95.7,88.27,88.38,87.0,8.7,10.0023,6.8595,22288392,2088802305.5,30981978243.0,30981978243.0
2020-10-13,'000799,¾Æ¹í¾Æ,100.0,102.58,95.63,96.37,95.7,4.3,4.4887,8.0638,26201548,2585778696.45,32372674277.4,32372674277.4
2020-10-14,'000799,¾Æ¹í¾Æ,100.38,101.86,98.36,100.11,100.0,0.38,0.3814,5.1541,16747318,1678200900.04,32496147289.8,32496147289.8
2020-10-15,'000799,¾Æ¹í¾Æ,102.67,104.87,98.74,100.4,100.38,2.29,2.2798,4.5389,14748049,1498904963.73,33236985364.2,33236985364.2
2020-10-16,'000799,¾Æ¹í¾Æ,100.94,104.2,98.52,102.67,102.67,-1.73,-1.6815,3.9157,12723175,1281503846.81,32678107518.6,32678107518.6
2020-10-19,'000799,¾Æ¹í¾Æ,100.65,102.89,99.86,101.88,100.94,-0.29,-0.2884,2.4838,8070637,812819595.77,32583878114.4,32583878114.4
2020-10-20,'000799,¾Æ¹í¾Æ,102.16,103.59,99.38,99.95,100.65,1.51,1.4958,3.6111,11733667,1187227817.29,33071271584.4,33071271584.4
2020-10-21,'000799,¾Æ¹í¾Æ,103.37,104.19,101.39,102.16,102.16,1.21,1.1888,3.0182,9806865,1001845474.3,33464435650.2,33464435650.2
2020-10-22,'000799,¾Æ¹í¾Æ,100.87,103.98,96.94,103.29,103.37,-2.5,-2.4177,5.2387,17022177,1699733822.57,32655362490.0,32655362490.0
2020-10-23,'000799,¾Æ¹í¾Æ,95.77,101.62,94.95,100.26,100.87,-5.1,-5.0547,4.7395,15399853,1497639098.02,31004723271.6,31004723271.6
2020-10-26,'000799,¾Æ¹í¾Æ,97.44,98.18,91.95,93.34,95.77,1.67,1.7397,3.4152,11097100,1063399849.18,31544105378.4,31544105378.4
2020-10-27,'000799,¾Æ¹í¾Æ,101.71,103.53,97.36,97.87,97.44,4.27,4.3778,3.8114,12384218,1248145674.29,32925053543.4,32925053543.4
2020-10-28,'000799,¾Æ¹í¾Æ,104.38,106.09,100.27,102.18,101.71,2.67,2.6251,4.7731,15509333,1599571033.82,33789364630.2,33789364630.2
2020-10-29,'000799,¾Æ¹í¾Æ,103.78,107.98,102.86,103.39,104.38,-0.6,-0.577,5.9998,19495103,2044086832.2,33594407242.2,33594407242.2
2020-10-30,'000799,¾Æ¹í¾Æ,100.51,105.4,99.37,104.83,103.78,-3.27,-3.1531,4.1928,13623626,1369982308.25,32535138767.4,32535138767.4
2020-11-02,'000799,¾Æ¹í¾Æ,100.77,102.31,99.73,100.18,100.51,0.26,0.2597,2.8502,9260993,930656638.28,32619620302.2,32619620302.2
2020-11-03,'000799,¾Æ¹í¾Æ,100.33,101.86,99.48,100.78,100.77,-0.44,-0.4383,3.2564,10581105,1058853891.91,32476651551.0,32476651551.0
2020-11-04,'000799,¾Æ¹í¾Æ,100.38,101.38,99.16,100.08,100.33,0.05,0.05,2.1417,6958971,695315982.03,32492898000.0,32492898000.0
2020-11-05,'000799,¾Æ¹í¾Æ,110.42,110.42,101.26,101.29,100.38,10.04,10.0,6.9691,22644478,2428876472.28,35742187800.0,35742187800.0
2020-11-06,'000799,¾Æ¹í¾Æ,112.45,114.29,109.92,112.44,110.42,2.03,1.8364,6.5037,21132359,2359301182.18,36398544339.6,36398544339.6
2020-11-09,'000799,¾Æ¹í¾Æ,112.68,114.45,110.79,113.67,112.45,0.23,0.2053,3.9513,12838953,1441701964.99,36473278005.0,36473278005.0
2020-11-10,'000799,¾Æ¹í¾Æ,112.62,114.34,108.92,111.93,112.68,-0.06,-0.0535,4.5542,14797820,1653385131.31,36453782266.2,36453782266.2
2020-11-11,'000799,¾Æ¹í¾Æ,113.07,120.81,111.64,112.62,112.62,0.45,0.4011,7.2284,23487057,2710450724.88,36600000307.2,36600000307.2
2020-11-12,'000799,¾Æ¹í¾Æ,113.29,113.74,107.41,110.42,113.07,0.22,0.1953,4.2521,13816264,1537632681.31,36671484682.8,36671484682.8
2020-11-13,'000799,¾Æ¹í¾Æ,109.1,111.96,105.83,111.43,113.29,-4.19,-3.6948,4.6013,14951105,1616940040.13,35316530836.2,35316530836.2
2020-11-16,'000799,¾Æ¹í¾Æ,114.39,114.53,108.77,109.6,109.1,5.29,4.8487,4.426,14381487,1609592776.42,37028906560.8,37028906560.8
2020-11-17,'000799,¾Æ¹í¾Æ,111.59,114.95,108.91,113.29,114.39,-2.8,-2.4482,4.2601,13842389,1553065877.8,36122354706.6,36122354706.6
2020-11-18,'000799,¾Æ¹í¾Æ,110.4,111.67,106.77,111.09,111.59,-1.19,-1.0704,3.2152,10447128,1138148501.65,35735689220.4,35735689220.4
2020-11-19,'000799,¾Æ¹í¾Æ,112.44,114.32,108.91,110.64,110.4,2.04,1.8458,2.8798,9357456,1047818088.58,36395295049.8,36395295049.8
2020-11-20,'000799,¾Æ¹í¾Æ,114.76,118.7,111.55,112.64,112.44,2.32,2.0623,4.1962,13634537,1570507955.98,37145880993.6,37145880993.6
2020-11-23,'000799,¾Æ¹í¾Æ,114.74,117.84,112.93,116.12,114.76,-0.02,-0.0175,3.7029,12031730,1376396673.13,37139382414.0,37139382414.0
2020-11-24,'000799,¾Æ¹í¾Æ,115.33,115.84,110.0,114.24,114.74,0.59,0.5162,3.5563,11555448,1303198086.03,37331090512.2,37331090512.2
2020-11-25,'000799,¾Æ¹í¾Æ,110.33,115.19,110.13,115.19,115.33,-5.0,-4.3346,3.6242,11776162,1309183492.55,35712944191.8,35712944191.8
2020-11-26,'000799,¾Æ¹í¾Æ,108.69,111.58,106.2,109.42,110.33,-1.64,-1.483,2.9459,9572100,1035191024.99,35183309954.4,35183309954.4
2020-11-27,'000799,¾Æ¹í¾Æ,109.32,109.91,106.77,108.38,108.69,0.63,0.5818,1.5786,5129486,555634202.34,35388015211.8,35388015211.8
2020-11-30,'000799,¾Æ¹í¾Æ,107.02,109.71,104.09,109.52,109.32,-2.3,-2.1027,3.4014,11052096,1168375725.2,34643927847.6,34643927847.6
2020-12-01,'000799,¾Æ¹í¾Æ,106.47,106.71,104.89,105.51,107.02,-0.55,-0.5159,2.0478,6653853,701656809.65,34465216908.6,34465216908.6
2020-12-02,'000799,¾Æ¹í¾Æ,106.4,107.7,105.28,106.63,106.47,-0.07,-0.066,1.6883,5485728,581184220.2,34442471880.0,34442471880.0
2020-12-03,'000799,¾Æ¹í¾Æ,107.0,107.2,105.28,105.4,106.4,0.6,0.566,1.4323,4653957,493292249.96,34637429268.0,34637429268.0
2020-12-04,'000799,¾Æ¹í¾Æ,115.53,116.94,106.48,106.95,107.0,8.53,7.9737,5.7667,18737840,2117892508.9,37399325598.0,37399325598.0
2020-12-07,'000799,¾Æ¹í¾Æ,115.43,117.83,114.55,115.43,115.53,-0.1,-0.0869,4.311,14007599,1621704046.55,37366832700.0,37366832700.0
2020-12-08,'000799,¾Æ¹í¾Æ,116.18,117.24,113.47,116.01,115.43,0.75,0.6522,3.3665,10938694,1259278978.16,37610529435.0,37610529435.0
2020-12-09,'000799,¾Æ¹í¾Æ,115.73,117.73,114.42,116.47,116.18,-0.45,-0.3888,3.2198,10462170,1211707198.39,37464311394.0,37464311394.0
2020-12-10,'000799,¾Æ¹í¾Æ,116.05,117.94,114.09,114.73,115.73,0.32,0.2775,3.0138,9792732,1130811518.95,37568288667.6,37568288667.6
2020-12-11,'000799,¾Æ¹í¾Æ,118.64,123.91,115.71,116.44,116.05,2.59,2.2314,5.0821,16513254,1967598848.11,38406605436.0,38406605436.0
2020-12-14,'000799,¾Æ¹í¾Æ,119.57,121.25,117.94,118.64,118.64,0.93,0.7868,3.273,10635009,1265742112.3,38708789387.4,38708789387.4
2020-12-15,'000799,¾Æ¹í¾Æ,122.53,123.76,116.63,119.23,119.57,2.96,2.4763,4.1792,13579410,1633128805.68,39667329878.4,39667329878.4
2020-12-16,'000799,¾Æ¹í¾Æ,124.51,125.57,121.85,122.53,122.53,1.98,1.6137,3.3213,10791969,1334588369.52,40307439969.0,40307439969.0
2020-12-17,'000799,¾Æ¹í¾Æ,124.94,127.31,123.15,123.47,124.51,0.43,0.3466,3.4189,11109131,1386946958.65,40447159430.4,40447159430.4
2020-12-18,'000799,¾Æ¹í¾Æ,130.2,134.49,123.96,124.49,124.94,5.26,4.2095,4.6017,14952144,1934107430.2,42149787285.6,42149787285.6
2020-12-21,'000799,¾Æ¹í¾Æ,128.52,130.68,126.04,129.76,130.2,-1.68,-1.2874,3.3509,10888116,1395525851.5,41607155889.0,41607155889.0
2020-12-22,'000799,¾Æ¹í¾Æ,130.68,133.78,127.94,128.47,128.52,2.16,1.679,2.9755,9668169,1269238827.4,42305753196.0,42305753196.0
2020-12-23,'000799,¾Æ¹í¾Æ,128.67,134.47,121.45,130.63,130.68,-2.01,-1.5361,5.6596,18389601,2361801040.66,41655895236.0,41655895236.0
2020-12-24,'000799,¾Æ¹í¾Æ,125.89,128.7,123.46,126.05,128.67,-2.78,-2.1607,3.3473,10876485,1366021349.95,40755841961.4,40755841961.4
2020-12-25,'000799,¾Æ¹í¾Æ,128.05,129.35,122.88,124.89,125.89,2.16,1.7141,2.9337,9532446,1204740228.6,41454439268.4,41454439268.4
2020-12-28,'000799,¾Æ¹í¾Æ,140.86,140.86,133.49,133.49,128.05,12.81,10.0016,3.6393,11825186,1646735579.96,45600533053.2,45600533053.2
2020-12-29,'000799,¾Æ¹í¾Æ,145.42,147.22,139.79,145.54,140.86,4.56,3.235,6.1136,19864706,2850951003.47,47075710622.4,47075710622.4
2020-12-30,'000799,¾Æ¹í¾Æ,154.56,155.36,144.03,144.7,145.42,9.14,6.288,5.1658,16785306,2518328321.11,50035813630.2,50035813630.2
